source_url,source_title,platform,source_year,blogger_school,target_major,target_major_hits,school_tier,rank_text,rank_percent,rank_num,rank_total,camp_admitted,program_type,admission_detail,research_achievements_json,competition_achievements_json,competition_tags,confidence,notes
https://zhuanlan.zhihu.com/p/1960772480563152124,2025年（2026届）计算机保研经验贴（人大高瓴，天大智算，东南网安,知乎,2025,天津某末2,数据科学与大数据技术,"计算机,软件工程,数据科学,大数据,自动化",其他,1(总人数太少了， 3%以外了),,1,,,未说明,,"[{""type"": ""论文"", ""title"": null, ""author_order"": ""一作"", ""venue_or_level"": ""CCF-C oral""}, {""type"": ""论文"", ""title"": null, ""author_order"": ""一作"", ""venue_or_level"": ""EI""}, {""type"": ""论文"", ""title"": null, ""author_order"": ""一作"", ""venue_or_level"": ""CCF-C""}, {""type"": ""论文"", ""title"": null, ""author_order"": ""一作"", ""venue_or_level"": ""WWW""}]","[{""name"": ""数学建模"", ""level"": ""国赛"", ""award"": ""国二"", ""normalized_name"": ""数学建模""}, {""name"": ""数学竞赛"", ""level"": ""省赛"", ""award"": ""省二"", ""normalized_name"": ""数学竞赛""}, {""name"": ""蓝桥杯"", ""level"": null, ""award"": ""国二"", ""normalized_name"": ""蓝桥杯""}, {""name"": ""CSP"", ""level"": null, ""award"": ""国二"", ""normalized_name"": ""CSP""}, {""name"": ""国奖"", ""level"": null, ""award"": ""国二"", ""normalized_name"": ""国奖""}]","CSP,国奖,数学建模,数学竞赛,蓝桥杯",0.9,
https://zhuanlan.zhihu.com/p/1956678948902670367,25年（26届）计算机保研经验贴-末九上岸浙大（上交 - 知乎专栏,知乎,2025,末九,计算机科学与技术,"计算机,计算机科学,计算机技术,人工智能,电子信息,软件工程,智能科学,大数据,自动化,控制工程,信息安全",末九,前10/300（前3%）,3.0,10,300,True,专硕,预推免入营,"[{""type"": ""论文"", ""title"": null, ""author_order"": ""非一作"", ""venue_or_level"": ""ccf-a在投""}, {""type"": ""论文"", ""title"": null, ""author_order"": ""一作"", ""venue_or_level"": ""EI""}, {""type"": ""论文"", ""title"": null, ""author_order"": ""一作"", ""venue_or_level"": ""CCF-A""}, {""type"": ""论文"", ""title"": null, ""author_order"": ""一作"", ""venue_or_level"": ""WWW""}]","[{""name"": ""互联网+"", ""level"": ""国赛"", ""award"": ""国金"", ""normalized_name"": ""互联网+""}, {""name"": ""美赛"", ""level"": ""国际"", ""award"": ""M奖"", ""normalized_name"": ""美赛""}, {""name"": ""CSP"", ""level"": ""国赛"", ""award"": ""国家奖学金"", ""normalized_name"": ""CSP""}, {""name"": ""ACM"", ""level"": ""国赛"", ""award"": ""国家奖学金"", ""normalized_name"": ""ACM""}]","ACM,CSP,互联网+,美赛",0.9,
https://zhuanlan.zhihu.com/p/1959566901572252363,2025年(2026届)211低rank三无选手计算机保研经验贴(西湖大学、上 ...,知乎,2025,211,计算机,"计算机,人工智能,电子信息,自动化",其他,5%-10%,7.5,1,2,,未说明,,"[{""type"": ""科研经历"", ""title"": null, ""author_order"": ""未知"", ""venue_or_level"": null}, {""type"": ""论文"", ""title"": null, ""author_order"": ""未知"", ""venue_or_level"": ""EI""}, {""type"": ""论文"", ""title"": null, ""author_order"": ""未知"", ""venue_or_level"": ""WWW""}]","[{""name"": ""数模数竞"", ""level"": ""省/国赛"", ""award"": null, ""normalized_name"": ""数模数竞""}, {""name"": ""国奖"", ""level"": null, ""award"": ""国奖"", ""normalized_name"": ""国奖""}]","国奖,数模数竞",0.9,
https://zhuanlan.zhihu.com/p/896468319,2024年（2025届）计算机保研经验贴（四非三无选手927被某弱com ...,知乎,2024,山河四省某四非,软件工程,"计算机,计算机科学,人工智能,电子信息,软件工程,网络空间安全,数据科学,大数据",其他,"top1.5% (夏令营), 2/200 (预推免)",1.5,2,200,,未说明,,"[{""type"": ""科研经历"", ""title"": ""CV方向国家级大创"", ""author_order"": ""负责人"", ""venue_or_level"": ""国家级""}, {""type"": ""科研经历"", ""title"": ""横向项目"", ""author_order"": ""未知"", ""venue_or_level"": null}, {""type"": ""科研经历"", ""title"": ""课程设计"", ""author_order"": ""未知"", ""venue_or_level"": null}, {""type"": ""论文"", ""title"": null, ""author_order"": ""未知"", ""venue_or_level"": ""EI""}, {""type"": ""论文"", ""title"": null, ""author_order"": ""未知"", ""venue_or_level"": ""WWW""}]","[{""name"": ""人工智能赛"", ""level"": ""国家级"", ""award"": ""三等奖"", ""normalized_name"": ""人工智能赛""}, {""name"": ""省奖"", ""level"": ""省赛"", ""award"": ""十余项"", ""normalized_name"": ""省奖""}, {""name"": ""大创"", ""level"": ""国际"", ""award"": ""三等奖"", ""normalized_name"": ""大创""}, {""name"": ""国奖"", ""level"": ""国际"", ""award"": ""三等奖"", ""normalized_name"": ""国奖""}]","人工智能赛,国奖,大创,省奖",0.95,四非院校学生，保研形势严峻，最终在928极限上岸985。
https://zhuanlan.zhihu.com/p/1949246960126112027,2026届（2022级）CS纯绩点保研经验贴（北计、清软 - 知乎专栏,知乎,2026,某中次九,计算机科学与技术,"计算机,软件工程,大数据",次九,1/140+（前五、前六学期）,0.71,1,140,True,专硕,清华大学软件学院专硕,"[{""type"": ""论文"", ""title"": null, ""author_order"": ""未知"", ""venue_or_level"": ""EI""}, {""type"": ""论文"", ""title"": null, ""author_order"": ""未知"", ""venue_or_level"": ""WWW""}]","[{""name"": ""CSP"", ""level"": null, ""award"": null, ""normalized_name"": ""CSP""}]",CSP,0.9,
https://zhuanlan.zhihu.com/p/412130760,【夏令营Q&A】2021 年中国人民大学信息学院 | 高瓴人工智能学院夏令营经验分享帖,知乎,2021,中国人民大学信息学院,人工智能,"计算机,计算机科学,人工智能,电子信息,软件工程,数据科学,大数据,信息安全",其他,18/20,90.0,18,20,True,学硕,拿到夏令营 offer,"[{""type"": ""科研经历"", ""title"": null, ""author_order"": ""未知"", ""venue_or_level"": null}, {""type"": ""论文"", ""title"": null, ""author_order"": ""未知"", ""venue_or_level"": null}]",[],,0.9,
https://zhuanlan.zhihu.com/p/1956851409233383953,2025年计算机保研经验分享浙计、同济、南大,知乎,2025,江苏省某中上流211,计算机科学与技术,"计算机,计算机科学,人工智能,软件工程,自动化",其他,1/125,0.8,1,125,,未说明,,"[{""type"": ""论文"", ""title"": null, ""author_order"": ""一作"", ""venue_or_level"": ""b会""}, {""type"": ""论文"", ""title"": null, ""author_order"": ""n作"", ""venue_or_level"": ""a会""}, {""type"": ""科研项目"", ""title"": ""国家级大创主持人"", ""author_order"": ""未知"", ""venue_or_level"": null}, {""type"": ""专利"", ""title"": ""软著一项"", ""author_order"": ""未知"", ""venue_or_level"": null}, {""type"": ""论文"", ""title"": null, ""author_order"": ""一作"", ""venue_or_level"": ""EI""}, {""type"": ""论文"", ""title"": null, ""author_order"": ""一作"", ""venue_or_level"": ""WWW""}]","[{""name"": ""大数竞赛"", ""level"": ""省赛"", ""award"": ""省一"", ""normalized_name"": ""大数竞赛""}, {""name"": ""数模美赛"", ""level"": ""国际"", ""award"": ""M奖"", ""normalized_name"": ""美赛""}, {""name"": ""蓝桥杯"", ""level"": ""省赛"", ""award"": ""一等奖"", ""normalized_name"": ""蓝桥杯""}, {""name"": ""数模国赛"", ""level"": ""省赛"", ""award"": ""省二"", ""normalized_name"": ""数模国赛""}, {""name"": ""csp认证"", ""level"": ""国赛"", ""award"": ""320分"", ""normalized_name"": ""CSP""}, {""name"": ""市调赛"", ""level"": ""省赛"", ""award"": ""省一"", ""normalized_name"": ""市调赛""}, {""name"": ""大创"", ""level"": ""国赛"", ""award"": ""省一"", ""normalized_name"": ""大创""}]","CSP,大创,大数竞赛,市调赛,数模国赛,美赛,蓝桥杯",0.95,
https://zhuanlan.zhihu.com/p/1529363866,2024年（2025届）电子信息保研经验分享（中科大六系、自所cs,知乎,2024,ip某211,电子信息,"计算机,电子信息,自动化",其他,1/165,0.606,1,165,,未说明,,"[{""type"": ""科研经历"", ""title"": ""两个大创项目"", ""author_order"": ""未知"", ""venue_or_level"": ""嵌入式、物联网相关""}, {""type"": ""论文"", ""title"": null, ""author_order"": ""未知"", ""venue_or_level"": ""EI""}, {""type"": ""论文"", ""title"": null, ""author_order"": ""未知"", ""venue_or_level"": ""WWW""}]","[{""name"": ""数模"", ""level"": null, ""award"": null, ""normalized_name"": ""数模""}, {""name"": ""机器人"", ""level"": null, ""award"": null, ""normalized_name"": ""机器人""}, {""name"": ""大创"", ""level"": null, ""award"": null, ""normalized_name"": ""大创""}]","大创,数模,机器人",0.9,
https://zhuanlan.zhihu.com/p/815655282,2024年（2025届）计算机保研经验帖】（中南cs，华工未来，厦大信 ...,知乎,2024,中南大学,计算机科学与技术,计算机,中九,,,,,True,未说明,最终去向：华南理工大学未来技术,"[{""type"": ""论文"", ""title"": null, ""author_order"": ""二作"", ""venue_or_level"": ""CCF C""}, {""type"": ""论文"", ""title"": null, ""author_order"": ""一作"", ""venue_or_level"": ""SCI 二区""}, {""type"": ""论文"", ""title"": null, ""author_order"": null, ""venue_or_level"": ""CCF B""}, {""type"": ""专利"", ""title"": null, ""author_order"": null, ""venue_or_level"": ""实审""}, {""type"": ""软著"", ""title"": null, ""author_order"": null, ""venue_or_level"": null}, {""type"": ""论文"", ""title"": null, ""author_order"": ""一作"", ""venue_or_level"": ""SCI""}]",[],,0.9,
https://zhuanlan.zhihu.com/p/248489246,干货满满的2020计算机保研经验贴！（上交、北大等）,知乎,2020,,计算机,计算机,未知,,,,,,未说明,,"[{""type"": ""论文"", ""title"": null, ""author_order"": ""一作"", ""venue_or_level"": ""一区CCF B""}, {""type"": ""论文"", ""title"": null, ""author_order"": null, ""venue_or_level"": ""CCF C类""}, {""type"": ""论文"", ""title"": null, ""author_order"": null, ""venue_or_level"": ""SCI检索""}, {""type"": ""论文"", ""title"": null, ""author_order"": null, ""venue_or_level"": ""EI""}, {""type"": ""科研经历"", ""title"": null, ""author_order"": null, ""venue_or_level"": null}, {""type"": ""论文"", ""title"": null, ""author_order"": ""一作"", ""venue_or_level"": ""SCI""}, {""type"": ""论文"", ""title"": null, ""author_order"": ""一作"", ""venue_or_level"": ""EI""}]",[],,0.8,
https://zhuanlan.zhihu.com/p/1956291569159221788,通信电子信息保研经验贴 - 知乎专栏,知乎,,,电子信息,电子信息,未知,,,,,,直博,夏令营报名,[],[],,0.7,
https://zhuanlan.zhihu.com/p/1957513765517006125,2025年（2026届）计算机保研经验贴（同济cs，南大se - 知乎专栏,知乎,2025,,计算机科学与技术/人工智能/软件工程,"计算机,人工智能",未知,,,,,,专硕,,[],"[{""name"": ""ACM"", ""level"": null, ""award"": null, ""normalized_name"": ""ACM""}]",ACM,0.5,
https://zhuanlan.zhihu.com/p/651081203,手握国奖，夏令营屡受打击，痛定思痛，预推免一举上岸中科大六系 ...,知乎,,985学姐,,,其他,前1%,1.0,,,True,未说明,预推免一举上岸中科大六系,[],"[{""name"": ""国奖"", ""level"": null, ""award"": ""国奖"", ""normalized_name"": ""国奖""}]",国奖,0.9,
https://zhuanlan.zhihu.com/p/1994179961309901376,四非计算机rank1也能保研华五人C9吗（复旦机器人、人大信、哈工大 ...,知乎,,,计算机,计算机,其他,rank1,,1,,,未说明,,"[{""type"": ""论文"", ""title"": null, ""author_order"": null, ""venue_or_level"": ""CCF-A/B/C""}, {""type"": ""论文"", ""title"": null, ""author_order"": null, ""venue_or_level"": ""SCI一二三四区""}, {""type"": ""论文"", ""title"": null, ""author_order"": null, ""venue_or_level"": ""EI会议""}, {""type"": ""论文"", ""title"": null, ""author_order"": ""未知"", ""venue_or_level"": ""SCI""}, {""type"": ""论文"", ""title"": null, ""author_order"": ""未知"", ""venue_or_level"": ""EI""}, {""type"": ""论文"", ""title"": null, ""author_order"": ""未知"", ""venue_or_level"": ""CCF-A""}, {""type"": ""论文"", ""title"": null, ""author_order"": ""未知"", ""venue_or_level"": ""TPAMI""}, {""type"": ""论文"", ""title"": null, ""author_order"": ""未知"", ""venue_or_level"": ""ICML""}, {""type"": ""论文"", ""title"": null, ""author_order"": ""未知"", ""venue_or_level"": ""CVPR""}, {""type"": ""论文"", ""title"": null, ""author_order"": ""未知"", ""venue_or_level"": ""ECCV""}, {""type"": ""论文"", ""title"": null, ""author_order"": ""未知"", ""venue_or_level"": ""EMNLP""}]","[{""name"": ""ICM"", ""level"": null, ""award"": null, ""normalized_name"": ""美赛""}]",美赛,0.8,
https://zhuanlan.zhihu.com/p/1936920763841118570,2025年（2026届）超低rk科研向保研/港三phd混申经验贴（北大cs ...,知乎,2025,,计算机科学与技术,,清北,,,,,,未说明,,[],"[{""name"": ""icpc区域赛"", ""level"": ""区域赛"", ""award"": ""一银一铜"", ""normalized_name"": ""ICPC""}, {""name"": ""ecfinal"", ""level"": ""国际"", ""award"": ""铜"", ""normalized_name"": ""ecfinal""}, {""name"": ""ccsp"", ""level"": ""国赛"", ""award"": ""铜"", ""normalized_name"": ""CSP""}, {""name"": ""蓝桥杯"", ""level"": ""国赛"", ""award"": ""国三"", ""normalized_name"": ""蓝桥杯""}, {""name"": ""挑战杯"", ""level"": ""区域赛"", ""award"": ""国三"", ""normalized_name"": ""挑战杯""}, {""name"": ""区域赛"", ""level"": ""区域赛"", ""award"": ""国三"", ""normalized_name"": ""区域赛""}]","CSP,ICPC,ecfinal,区域赛,挑战杯,蓝桥杯",0.8,
https://www.zhihu.com/question/326591308,长春工业大学的电子信息工程专业值得读吗？前景如何？ - 知乎,知乎,2019,长春工业大学,电子信息工程,"计算机,计算机科学,计算机技术,人工智能,电子信息,软件工程",其他,2019/6,33650.0,2019,6,,未说明,,"[{""type"": ""论文"", ""title"": null, ""author_order"": ""未知"", ""venue_or_level"": ""SCI""}, {""type"": ""论文"", ""title"": null, ""author_order"": ""未知"", ""venue_or_level"": ""EI""}]","[{""name"": ""挑战杯"", ""level"": ""国际"", ""award"": ""银奖"", ""normalized_name"": ""挑战杯""}, {""name"": ""互联网+"", ""level"": ""国际"", ""award"": ""银奖"", ""normalized_name"": ""互联网+""}]","互联网+,挑战杯",0.7,
https://zhuanlan.zhihu.com/p/773204297,2024年（25届）计算机保研经验贴(清叉，贵系，复旦，人大高瓴,知乎,2024,,计算机科学与技术,"计算机,计算机科学,人工智能,软件工程,大数据",中九,1/20,5.0,1,20,,未说明,,"[{""type"": ""论文"", ""title"": null, ""author_order"": ""二作"", ""venue_or_level"": ""A会""}, {""type"": ""论文"", ""title"": null, ""author_order"": ""二作"", ""venue_or_level"": ""WWW""}]","[{""name"": ""XCPC"", ""level"": ""国赛"", ""award"": ""铜牌"", ""normalized_name"": ""XCPC""}, {""name"": ""天梯赛"", ""level"": ""国赛"", ""award"": ""国二"", ""normalized_name"": ""天梯赛""}, {""name"": ""蓝桥杯"", ""level"": null, ""award"": ""国二"", ""normalized_name"": ""蓝桥杯""}, {""name"": ""CSP"", ""level"": null, ""award"": ""国二"", ""normalized_name"": ""CSP""}, {""name"": ""ACM"", ""level"": null, ""award"": ""国二"", ""normalized_name"": ""ACM""}]","ACM,CSP,XCPC,天梯赛,蓝桥杯",0.9,最终去向：清华大学计算机系直博
https://zhuanlan.zhihu.com/p/650455216,2023年（2024届）计算机保研经验贴（北师大AI、武大CS - 知乎专栏,知乎,2023,末流211,计算机科学与技术,"计算机,计算机科学",其他,1/140+,0.71,1,140,,未说明,,"[{""type"": ""科研经历"", ""title"": ""AI相关"", ""author_order"": ""未知"", ""venue_or_level"": null}]","[{""name"": ""程序设计水赛"", ""level"": null, ""award"": null, ""normalized_name"": ""程序设计水赛""}, {""name"": ""CSP"", ""level"": null, ""award"": null, ""normalized_name"": ""CSP""}]","CSP,程序设计水赛",0.9,
https://zhuanlan.zhihu.com/p/659120308,2023(2024届) 计算机/软工保研经验贴（天大佐治亚、中科大苏州,知乎,2023,,软件工程,"计算机,软件工程",中九,15%,15.0,15,,,未说明,,[],"[{""name"": ""蓝桥杯"", ""level"": ""省赛"", ""award"": ""一等奖"", ""normalized_name"": ""蓝桥杯""}, {""name"": ""数学建模"", ""level"": ""省赛"", ""award"": ""二等奖"", ""normalized_name"": ""数学建模""}, {""name"": ""数学竞赛"", ""level"": ""省赛"", ""award"": ""一等奖"", ""normalized_name"": ""数学竞赛""}, {""name"": ""美赛"", ""level"": ""国际"", ""award"": ""h"", ""normalized_name"": ""美赛""}]","数学建模,数学竞赛,美赛,蓝桥杯",0.9,
https://www.zhihu.com/question/606246059/answer/3074529198,计算机保研，一篇一作ccf-a在投，在夏令营申请材料中怎么写? - 知乎,知乎,,,计算机,计算机,未知,,,,,,未说明,,"[{""type"": ""论文"", ""title"": null, ""author_order"": ""一作"", ""venue_or_level"": ""CCF-A""}]",[],,0.8,
https://zhuanlan.zhihu.com/p/1914441700023177355,四非计算机25届保研经验贴 - 知乎专栏,知乎,,西南某二本院校,计算机,计算机,其他,1/245（0.4%）,0.4,1,245,,未说明,,"[{""type"": ""论文"", ""title"": null, ""author_order"": ""一作"", ""venue_or_level"": ""CCF-C类""}, {""type"": ""论文"", ""title"": null, ""author_order"": ""学生一作"", ""venue_or_level"": ""CCF-A""}, {""type"": ""项目"", ""title"": ""国家级大创"", ""author_order"": ""未知"", ""venue_or_level"": null}, {""type"": ""论文"", ""title"": null, ""author_order"": ""学生一作"", ""venue_or_level"": ""CCF-C""}]","[{""name"": ""大创"", ""level"": ""国赛"", ""award"": null, ""normalized_name"": ""大创""}]",大创,0.9,
https://zhuanlan.zhihu.com/p/1938549111759573749,保研党必看：从“刷绩点”到“强能力”的逆袭指南,知乎,,,,,未知,,,,,,未说明,,"[{""type"": ""论文"", ""title"": null, ""author_order"": ""一作"", ""venue_or_level"": ""SCI/EI或核心期刊""}, {""type"": ""论文"", ""title"": null, ""author_order"": ""一作"", ""venue_or_level"": ""SCI""}, {""type"": ""论文"", ""title"": null, ""author_order"": ""一作"", ""venue_or_level"": ""EI""}]","[{""name"": ""挑战杯"", ""level"": ""国赛"", ""award"": ""金奖"", ""normalized_name"": ""挑战杯""}]",挑战杯,0.7,
https://zhuanlan.zhihu.com/p/419840963,2022计算机保研经验贴（清北深、HITscir） - 知乎专栏,知乎,2022,东北985,计算机科学与技术,"计算机,计算机科学",c9,1%,1.0,,,True,未说明,最终去向：清华深圳国际研究生院,"[{""type"": ""论文"", ""title"": null, ""author_order"": ""一作"", ""venue_or_level"": ""sci在投""}, {""type"": ""论文"", ""title"": null, ""author_order"": ""主要作者"", ""venue_or_level"": ""sci""}, {""type"": ""论文"", ""title"": null, ""author_order"": null, ""venue_or_level"": ""ei""}, {""type"": ""论文"", ""title"": null, ""author_order"": ""一作"", ""venue_or_level"": ""SCI""}, {""type"": ""论文"", ""title"": null, ""author_order"": ""一作"", ""venue_or_level"": ""EI""}]",[],,0.9,
https://zhuanlan.zhihu.com/p/1074903913,我的CS保研经验 - 知乎专栏,知乎,,,计算机,计算机,未知,,,,,True,未说明,去了浙大计算机,"[{""type"": ""论文"", ""title"": null, ""author_order"": ""一作"", ""venue_or_level"": ""核心期刊或CCF会议""}, {""type"": ""论文"", ""title"": null, ""author_order"": ""未知"", ""venue_or_level"": ""EI会议""}, {""type"": ""论文"", ""title"": null, ""author_order"": ""一作"", ""venue_or_level"": ""EI""}]","[{""name"": ""世界超算大赛"", ""level"": ""国赛"", ""award"": ""一等奖"", ""normalized_name"": ""世界超算大赛""}]",世界超算大赛,0.8,
https://zhuanlan.zhihu.com/p/30217802564,【纯干货】2024年（25届）计算机保研推免经历,知乎,2024,,计算机,计算机,未知,年级16.1%（52/323） 专业22.2%（50/225）,16.1,52,323,,未说明,,"[{""type"": ""专利"", ""title"": null, ""author_order"": ""未知"", ""venue_or_level"": null}, {""type"": ""论文"", ""title"": null, ""author_order"": ""非一作"", ""venue_or_level"": null}]","[{""name"": ""国创"", ""level"": ""国家级"", ""award"": ""优秀"", ""normalized_name"": ""国创""}, {""name"": ""国奖"", ""level"": ""国赛"", ""award"": ""国奖"", ""normalized_name"": ""国奖""}]","国创,国奖",0.9,
https://zhuanlan.zhihu.com/p/658503447,【持续更新】2024届计算机四非保研985经验贴【西工大/计算所/浙软 ...,知乎,2024,,计算机,计算机,其他,,,,,,未说明,,"[{""type"": ""论文"", ""title"": null, ""author_order"": ""一作"", ""venue_or_level"": ""EI""}, {""type"": ""论文"", ""title"": null, ""author_order"": ""三作"", ""venue_or_level"": ""4区""}, {""type"": ""项目"", ""title"": ""计设项目"", ""author_order"": null, ""venue_or_level"": null}]",[],,0.8,
https://zhuanlan.zhihu.com/p/461839915,保姆级华科、武大、西交、北理、中山计算机保研经验帖 - 知乎专栏,知乎,2024,,计算机,计算机,未知,,,,,,未说明,,"[{""type"": ""论文"", ""title"": null, ""author_order"": ""未知"", ""venue_or_level"": ""SCI""}]",[],,0.5,
https://zhuanlan.zhihu.com/p/722088790,2024年（25届）末二中rank计算机推免套磁&&面试经验帖 - 知乎专栏,知乎,2024,,计算机,计算机,未知,,,,,,未说明,,"[{""type"": ""论文"", ""title"": null, ""author_order"": ""未知"", ""venue_or_level"": ""SCI""}, {""type"": ""论文"", ""title"": null, ""author_order"": ""未知"", ""venue_or_level"": ""EI""}, {""type"": ""论文"", ""title"": null, ""author_order"": ""未知"", ""venue_or_level"": ""CCF-A""}, {""type"": ""论文"", ""title"": null, ""author_order"": ""未知"", ""venue_or_level"": ""TPAMI""}, {""type"": ""论文"", ""title"": null, ""author_order"": ""未知"", ""venue_or_level"": ""ICML""}, {""type"": ""论文"", ""title"": null, ""author_order"": ""未知"", ""venue_or_level"": ""CVPR""}, {""type"": ""论文"", ""title"": null, ""author_order"": ""未知"", ""venue_or_level"": ""ECCV""}]","[{""name"": ""ICM"", ""level"": null, ""award"": null, ""normalized_name"": ""美赛""}]",美赛,0.5,
https://www.zhihu.com/question/444978882,2022 年博士申请，你进度如何？ - 知乎,知乎,2022,,,,未知,,,,,,直博,,"[{""type"": ""论文"", ""title"": null, ""author_order"": ""一作"", ""venue_or_level"": ""EI会议""}, {""type"": ""论文"", ""title"": null, ""author_order"": ""一作"", ""venue_or_level"": ""CCF C刊""}, {""type"": ""论文"", ""title"": null, ""author_order"": ""一作"", ""venue_or_level"": ""SCI""}, {""type"": ""论文"", ""title"": null, ""author_order"": ""一作"", ""venue_or_level"": ""EI""}]",[],,0.7,
https://zhuanlan.zhihu.com/p/832349663,2024年（2025届）计算机保研经验贴（北大rw，北深，复旦cs,知乎,2024,,计算机,计算机,未知,,,,,True,未说明,入了9个营，实际线下参加了三个,[],[],,0.8,
https://zhuanlan.zhihu.com/p/1954319372832191050,26级电子信息保研经验贴 - 知乎专栏,知乎,2026,,电子信息,电子信息,未知,rank1,,1,,True,未说明,入营,"[{""type"": ""论文"", ""title"": null, ""author_order"": ""未知"", ""venue_or_level"": null}]",[],,0.7,
https://zhuanlan.zhihu.com/p/689428352,2024年北邮计算机学院/网安院/人工智能学院研究生招生复试分数线汇总,知乎,2024,,,"计算机,计算机科学,计算机技术,人工智能,软件工程,网络空间安全,大数据,信息安全",其他,,,,,,未说明,,[],"[{""name"": ""ACM"", ""level"": null, ""award"": null, ""normalized_name"": ""ACM""}]",ACM,0.5,该帖子主要是关于北邮计算机相关学院的研究生招生信息汇总，未提及具体的个人保研经验或博主信息。
https://zhuanlan.zhihu.com/p/1954986844979692139,2025年（2026届）计算机保研经验贴（超超超低rk70%的上岸之路）,知乎,2025,辽宁某9,计算机科学与技术,"计算机,计算机科学,人工智能,自动化,密码学",末九,前五学期8%，前六学期7%,7.0,3,500,True,未说明,拿到夏令营 offer,"[{""type"": ""科研经历"", ""title"": ""llm相关的项目"", ""author_order"": ""未知"", ""venue_or_level"": null}, {""type"": ""科研经历"", ""title"": ""本校一段科研训练"", ""author_order"": ""未知"", ""venue_or_level"": null}, {""type"": ""论文"", ""title"": null, ""author_order"": ""未知"", ""venue_or_level"": ""EI""}, {""type"": ""论文"", ""title"": null, ""author_order"": ""未知"", ""venue_or_level"": ""TIP""}, {""type"": ""论文"", ""title"": null, ""author_order"": ""未知"", ""venue_or_level"": ""AAAI""}, {""type"": ""论文"", ""title"": null, ""author_order"": ""未知"", ""venue_or_level"": ""WWW""}]","[{""name"": ""国一国二国三等"", ""level"": ""国赛"", ""award"": ""一等奖/二等奖/三等奖"", ""normalized_name"": ""国一国二国三等""}, {""name"": ""省奖若干"", ""level"": ""省赛"", ""award"": null, ""normalized_name"": ""省奖若干""}, {""name"": ""蓝桥杯"", ""level"": null, ""award"": ""国一"", ""normalized_name"": ""蓝桥杯""}, {""name"": ""CSP"", ""level"": null, ""award"": ""国一"", ""normalized_name"": ""CSP""}, {""name"": ""ACM"", ""level"": null, ""award"": ""国一"", ""normalized_name"": ""ACM""}]","ACM,CSP,国一国二国三等,省奖若干,蓝桥杯",0.9,最终去向：复旦大学计算与智能创新学院MAS Lab（多媒体智能安全实验室），方向为llm security
https://zhuanlan.zhihu.com/p/1953411297023619478,2025年（2026届）计算机保研回忆录（国科大杭高、上交软,知乎,2025,,计算机,计算机,未知,,,,,,学硕,,[],[],,0.7,
https://zhuanlan.zhihu.com/p/911068744,2024年(25届)计算机保研经验分享——圆梦浙江大学软件学院- 知乎,知乎,2024,真真末流985,计算机科学与技术,"计算机,计算机科学",末九,夏令营和预推免均7%,7.0,,,True,未说明,圆梦浙江大学软件学院,[],[],,0.9,
https://zhuanlan.zhihu.com/p/659991998,2023年（2024届）四非ACMer计算机保研[全程0offer上岸北航]经验贴 ...,知乎,2023,,计算机,计算机,其他,,,,,True,未说明,上岸北航,[],"[{""name"": ""ACMer"", ""level"": null, ""award"": null, ""normalized_name"": ""ACM""}]",ACM,0.8,四非背景，全程0offer最终上岸北航
https://www.zhihu.com/question/606246059/answer/3070979143,计算机保研，一篇一作ccf-a在投，在夏令营申请材料中怎么写? - 知乎,知乎,,,计算机,计算机,未知,,,,,,未说明,,"[{""type"": ""论文"", ""title"": null, ""author_order"": ""一作"", ""venue_or_level"": ""ccf-a""}, {""type"": ""论文"", ""title"": null, ""author_order"": ""一作"", ""venue_or_level"": ""CCF-A""}]",[],,0.8,
https://www.zhihu.com/question/589155490/answer/2934052204,请问一下我这样情况的cs保研能去哪里啊？ - 闪电der树懒的回答- 知乎,知乎,,,计算机科学与技术,计算机,未知,,,,,,未说明,,"[{""type"": ""论文"", ""title"": null, ""author_order"": ""一作"", ""venue_or_level"": ""sci三区""}, {""type"": ""论文"", ""title"": null, ""author_order"": ""一作"", ""venue_or_level"": ""sci三区""}, {""type"": ""论文"", ""title"": null, ""author_order"": ""一作"", ""venue_or_level"": ""ccf-c""}, {""type"": ""专利"", ""title"": null, ""author_order"": ""第一发明人"", ""venue_or_level"": null}, {""type"": ""专利"", ""title"": null, ""author_order"": ""第一发明人"", ""venue_or_level"": null}, {""type"": ""论文"", ""title"": null, ""author_order"": ""co-author"", ""venue_or_level"": ""二、三区""}, {""type"": ""论文"", ""title"": null, ""author_order"": null, ""venue_or_level"": ""ccf-b""}, {""type"": ""论文"", ""title"": null, ""author_order"": ""一作"", ""venue_or_level"": ""SCI""}, {""type"": ""论文"", ""title"": null, ""author_order"": ""一作"", ""venue_or_level"": ""CCF-B""}, {""type"": ""论文"", ""title"": null, ""author_order"": ""一作"", ""venue_or_level"": ""CCF-C""}]",[],,0.9,
https://zhuanlan.zhihu.com/p/529601015,博联学术部| 2022计算机电子信息大类保研经验分享会 - 知乎专栏,知乎,2022,天津大学,软件工程,"计算机,电子信息,软件工程",顶9,,,,,True,未说明,保研至北京大学,"[{""type"": ""论文"", ""title"": null, ""author_order"": ""主要作者"", ""venue_or_level"": ""SCI/EI""}, {""type"": ""论文"", ""title"": null, ""author_order"": ""未知"", ""venue_or_level"": ""SCI""}, {""type"": ""论文"", ""title"": null, ""author_order"": ""未知"", ""venue_or_level"": ""EI""}]",[],,0.8,
https://zhuanlan.zhihu.com/p/713169298,保研/申博人必看：SCI四区很差？我建议你第一篇先发SCI ... - 知乎专栏,知乎,,,,,未知,,,,,,未说明,,"[{""type"": ""论文"", ""title"": null, ""author_order"": ""一作"", ""venue_or_level"": ""SCI检索""}, {""type"": ""论文"", ""title"": null, ""author_order"": ""二作"", ""venue_or_level"": ""SCI或EI收录期刊""}, {""type"": ""论文"", ""title"": null, ""author_order"": ""一作"", ""venue_or_level"": ""SCI""}, {""type"": ""论文"", ""title"": null, ""author_order"": ""一作"", ""venue_or_level"": ""EI""}]",[],,0.7,
https://zhuanlan.zhihu.com/p/351342556,四非计算机保研心得 - 知乎专栏,知乎,,,计算机,计算机,其他,,,,,,未说明,,[],"[{""name"": ""数模国赛"", ""level"": ""国赛"", ""award"": null, ""normalized_name"": ""数模国赛""}, {""name"": ""美赛"", ""level"": ""国际"", ""award"": null, ""normalized_name"": ""美赛""}, {""name"": ""电赛"", ""level"": ""国赛"", ""award"": null, ""normalized_name"": ""电赛""}, {""name"": ""ACM"", ""level"": ""国赛"", ""award"": null, ""normalized_name"": ""ACM""}, {""name"": ""互联网+"", ""level"": ""国赛"", ""award"": null, ""normalized_name"": ""互联网+""}, {""name"": ""挑战杯"", ""level"": ""国赛"", ""award"": null, ""normalized_name"": ""挑战杯""}]","ACM,互联网+,挑战杯,数模国赛,电赛,美赛",0.7,博主来自四非院校，计算机专业，强调了比赛的重要性，但未提及具体排名和入营结果
https://zhuanlan.zhihu.com/p/1951402364398461456,26届计科保研--最终去向：上交AI,知乎,2026,,人工智能,"计算机,计算机科学",末九,1/177,0.56,1,177,True,未说明,最终去向：上交AI,"[{""type"": ""科研经历"", ""title"": ""AI4Science方向"", ""author_order"": ""未知"", ""venue_or_level"": null}, {""type"": ""科研经历"", ""title"": ""LLM方向"", ""author_order"": ""未知"", ""venue_or_level"": ""高瓴实习""}, {""type"": ""论文"", ""title"": null, ""author_order"": ""一作"", ""venue_or_level"": ""NeurIPS在投""}, {""type"": ""论文"", ""title"": null, ""author_order"": ""一作"", ""venue_or_level"": ""SCI""}, {""type"": ""论文"", ""title"": null, ""author_order"": ""一作"", ""venue_or_level"": ""NeurIPS""}]","[{""name"": ""果酱"", ""level"": null, ""award"": null, ""normalized_name"": ""果酱""}]",果酱,0.9,
https://zhuanlan.zhihu.com/p/464623786,院情与考情超详解丨中山大学计算机分析，关于中山大学CS考研你想知道的这里都有,知乎,,,,"计算机,计算机科学,计算机技术,人工智能,电子信息,软件工程,网络空间安全,数据科学,大数据,通信工程,信息安全",中九,前10%,10.0,60,290,,未说明,,[],[],,0.5,该帖子主要介绍中山大学计算机相关专业的考研情况，未提及博主的个人背景和入营结果。
https://www.zhihu.com/question/64447050,参加什么样的竞赛有利于保研？ - 知乎,知乎,,,,,未知,,,,,,未说明,,[],"[{""name"": ""挑战杯"", ""level"": ""国赛"", ""award"": null, ""normalized_name"": ""挑战杯""}, {""name"": ""建模国赛"", ""level"": ""国赛"", ""award"": null, ""normalized_name"": ""建模国赛""}, {""name"": ""电子设计大赛"", ""level"": ""国赛"", ""award"": null, ""normalized_name"": ""电子设计大赛""}, {""name"": ""美赛建模"", ""level"": ""国际"", ""award"": null, ""normalized_name"": ""美赛""}]","建模国赛,挑战杯,电子设计大赛,美赛",0.7,帖子主要讨论竞赛对保研的帮助，未提及个人背景和保研结果
https://zhuanlan.zhihu.com/p/1954529821435606674,2025年（2026届）计算机保研经验贴（AILAB、中关村+创智、复旦cs,知乎,2025,,计算机,计算机,未知,专业15%左右,15.0,,,True,未说明,入营并拿到优营,[],[],,0.8,
https://zhuanlan.zhihu.com/p/672033812,24计算机保研经验贴（211基本上无竞赛，无科研）,知乎,24,末流211 zzu,软件工程,"计算机,软件工程",末九,1/149,0.67,1,149,,未说明,,[],"[{""name"": ""蓝桥杯"", ""level"": null, ""award"": null, ""normalized_name"": ""蓝桥杯""}]",蓝桥杯,0.9,
https://zhuanlan.zhihu.com/p/775194613,2024年(2025界）计算机/网安保研上岸华五经验贴（上交网安,知乎,2024,,计算机/网安,计算机,末九,前3%,3.0,3,,True,学硕,上岸华五计算机学硕,[],[],,0.9,
https://zhuanlan.zhihu.com/p/800914399,2024年（2025届）计算机保研经验贴|西工大、中南、中山、东南,知乎,2024,cs领域末流211,计算机科学与技术,"计算机,计算机科学",其他,3%,3.0,,,,未说明,,[],"[{""name"": ""蓝桥杯"", ""level"": null, ""award"": null, ""normalized_name"": ""蓝桥杯""}, {""name"": ""大英赛"", ""level"": null, ""award"": null, ""normalized_name"": ""大英赛""}]","大英赛,蓝桥杯",0.9,
https://zhuanlan.zhihu.com/p/770071908,2025届计算机保研经验贴| 末流211跨保上岸南京大学|南大软院,知乎,2025,末流211,计算机,计算机,其他,专业第2，1.4%,1.4,2,,True,未说明,上岸南京大学南大软院,"[{""type"": ""科研经历"", ""title"": ""国家级大创"", ""author_order"": ""主要贡献"", ""venue_or_level"": null}, {""type"": ""科研经历"", ""title"": ""校级科研兴趣"", ""author_order"": null, ""venue_or_level"": null}]","[{""name"": ""大创"", ""level"": ""国赛"", ""award"": null, ""normalized_name"": ""大创""}]",大创,0.9,
https://zhuanlan.zhihu.com/p/1955297442242233384,2025年（2026届）计算机保研经验贴 - 知乎专栏,知乎,2025,中流211,软件工程,"计算机,软件工程",其他,5/57,8.77,5,57,,未说明,,"[{""type"": ""论文"", ""title"": null, ""author_order"": ""二作"", ""venue_or_level"": ""CCF A""}]",[],,0.9,
https://zhuanlan.zhihu.com/p/1968508750051643771,2025年（26届）计算机保研回忆录（北大cs/计算所vipl/人大高瓴/南大 ...,知乎,2025,中科大,计算机,计算机,华五,高rank,,,,,未说明,,[],[],,0.6,
https://zhuanlan.zhihu.com/p/767565015,低rk无科研acmer，2025届计算机保研经验贴（南大cs - 知乎专栏,知乎,2025,同济,计算机科学与技术,计算机,中九,,,,,True,未说明,拿到夏令营 offer,[],"[{""name"": ""acmer"", ""level"": null, ""award"": null, ""normalized_name"": ""ACM""}]",ACM,0.8,
https://zhuanlan.zhihu.com/p/759415047,2025届低rk四非acmer保研经验贴（浙软、东北大学、华师大cs,知乎,2025,,计算机科学与技术/人工智能/电子信息/软件工程,,其他,低rk,,,,True,未说明,浙软、东北大学、华师大cs,[],"[{""name"": ""acmer"", ""level"": null, ""award"": null, ""normalized_name"": ""ACM""}]",ACM,0.8,
https://zhuanlan.zhihu.com/p/1955767719141016565,2025年低rank鼠鼠ee跨保cs保研经验贴 - 知乎专栏,知乎,2025,,电子信息,电子信息,未知,低rank,,,,,未说明,,[],[],,0.5,
https://zhuanlan.zhihu.com/p/659116946,2024届计算机保研经验分享(说是经验贴其实更像流水账  ),知乎,2024,,软件工程,"计算机,软件工程",中九,5%,5.0,,,,未说明,,[],"[{""name"": ""蓝桥杯"", ""level"": ""省赛"", ""award"": ""二等奖"", ""normalized_name"": ""蓝桥杯""}]",蓝桥杯,0.8,
https://zhuanlan.zhihu.com/p/659849122,2024届计算机保研经验贴（华科、武大、华南理工、南开 - 知乎专栏,知乎,2024,华中某211,软件工程,"计算机,软件工程",其他,1/35，2.85%,2.85,1,35,,未说明,,[],"[{""name"": ""服务外包"", ""level"": ""国赛"", ""award"": ""二等奖"", ""normalized_name"": ""服务外包""}, {""name"": ""软件杯"", ""level"": ""国赛"", ""award"": ""三等奖"", ""normalized_name"": ""软件杯""}, {""name"": ""数竞"", ""level"": null, ""award"": ""二等奖"", ""normalized_name"": ""数竞""}, {""name"": ""国奖"", ""level"": null, ""award"": ""国奖"", ""normalized_name"": ""国奖""}]","国奖,数竞,服务外包,软件杯",0.9,
https://zhuanlan.zhihu.com/p/664289559,2023年（2024届）四非计算机保研经验贴,知乎,2023,广西四非,计算机科学与技术,"计算机,计算机科学",其他,5%（专业307人），推免排名4/307,5.0,4,307,,未说明,,[],"[{""name"": ""服务外包创新创业"", ""level"": ""国赛"", ""award"": ""二等奖"", ""normalized_name"": ""服务外包创新创业""}, {""name"": ""软件杯"", ""level"": ""国赛"", ""award"": ""三等奖"", ""normalized_name"": ""软件杯""}, {""name"": ""美赛"", ""level"": ""国际"", ""award"": ""H"", ""normalized_name"": ""美赛""}]","服务外包创新创业,美赛,软件杯",0.9,
https://zhuanlan.zhihu.com/p/659525019,2023年（24届）末流211计算机保研经验贴 - 知乎专栏,知乎,2023,末流211,网安专业,计算机,其他,2 / 90+,2.22,2,90,,未说明,,"[{""type"": ""科研经历"", ""title"": null, ""author_order"": ""负责人"", ""venue_or_level"": ""省大创""}, {""type"": ""论文"", ""title"": null, ""author_order"": ""未知"", ""venue_or_level"": null}]","[{""name"": ""程序设计"", ""level"": ""国赛"", ""award"": ""国奖"", ""normalized_name"": ""程序设计""}, {""name"": ""机器人开发"", ""level"": ""国赛"", ""award"": ""国奖"", ""normalized_name"": ""机器人开发""}, {""name"": ""大创"", ""level"": null, ""award"": ""国奖"", ""normalized_name"": ""大创""}, {""name"": ""国奖"", ""level"": null, ""award"": ""国奖"", ""normalized_name"": ""国奖""}]","国奖,大创,机器人开发,程序设计",0.9,
https://zhuanlan.zhihu.com/p/659617834,2023年（24届）末九计算机保研经验贴（北师大ai、武大cs、中科大 ...,知乎,2023,西北末流985（瓜大）,软件工程,"计算机,软件工程",末九,13/298（约4%）,4.0,13,298,,未说明,,"[{""type"": ""科研经历"", ""title"": null, ""author_order"": ""未知"", ""venue_or_level"": ""top2实验室""}]",[],,0.9,
https://zhuanlan.zhihu.com/p/685573655,2023年（24届）计算机保研经验贴汇总 - 知乎专栏,知乎,2023,,计算机,计算机,次九,15%,15.0,3,,True,直博,上交电院直博&复旦&南大CS,[],[],,0.8,
https://zhuanlan.zhihu.com/p/660179138,23年（24届）末2计算机保研（北大软微、浙大-西湖 - 知乎专栏,知乎,2023,中下211,软件工程,"计算机,计算机科学,软件工程",其他,前,,,,,未说明,,[],[],,0.7,
https://zhuanlan.zhihu.com/p/659072136,【2023年（2024届）计算机保研经历】（武大网安+国科大深先院+ ...,知乎,2023,,计算机,计算机,未知,,,,,True,未说明,夏令营入营,[],[],,0.7,
https://zhuanlan.zhihu.com/p/659869954,2023年（2024届）计算机保研经验帖｜末2跨专业上岸东南大学PALM,知乎,2023,,计算机,计算机,末九,,,,,True,未说明,上岸东南大学PALM,[],[],,0.7,
https://zhuanlan.zhihu.com/p/659078121,2023年（2024届）计算机保研经验分享|万字经验望有用|清华TBSI ...,知乎,2023,,计算机,"计算机,人工智能,自动化",未知,,,,,True,学硕,拿到夏令营 offer,[],[],,0.8,
https://www.zhihu.com/question/608230377/answer/3088376548,计算机专业本科次九，有一篇安全方向的ccf-a一作在投 - 知乎,知乎,,,计算机,计算机,次九,百分之二十多,20.0,,,,未说明,,"[{""type"": ""论文"", ""title"": null, ""author_order"": ""一作"", ""venue_or_level"": ""ccf-a""}, {""type"": ""论文"", ""title"": null, ""author_order"": ""一作"", ""venue_or_level"": ""CCF-A""}]",[],,0.8,
https://www.zhihu.com/question/608230377,有一篇安全方向的ccf-a一作在投，保研能去浙大吗? - 知乎,知乎,,,计算机科学与技术,,未知,,,,,,未说明,,"[{""type"": ""论文"", ""title"": null, ""author_order"": ""一作"", ""venue_or_level"": ""CCF-A""}]",[],,0.7,
https://www.zhihu.com/question/608230377/answer/3088201657,有一篇安全方向的ccf-a一作在投，保研能去浙大吗? - 知乎,知乎,,,计算机科学与技术,,次九,百分之二十多,20.0,,,,未说明,,"[{""type"": ""论文"", ""title"": null, ""author_order"": ""一作"", ""venue_or_level"": ""ccf-a""}, {""type"": ""论文"", ""title"": null, ""author_order"": ""一作"", ""venue_or_level"": ""CCF-A""}]",[],,0.8,
https://zhuanlan.zhihu.com/p/770129585,【25保研经验贴】浙大软院、自动化所、中科大先研院&6系 - 知乎专栏,知乎,2025,,软件工程,"计算机,自动化",华五,,,,,,未说明,,"[{""type"": ""论文"", ""title"": null, ""author_order"": ""未知"", ""venue_or_level"": ""CCF-C""}]",[],,0.8,
https://www.zhihu.com/question/1894110224077549761,25计算机专业求保研定位？ - 知乎,知乎,2025,,计算机,计算机,未知,,,,,,未说明,,"[{""type"": ""论文"", ""title"": null, ""author_order"": ""一作"", ""venue_or_level"": ""CCF C会""}]",[],,0.7,
https://www.zhihu.com/question/1811408023,本科生中游985绩点专业前2%一篇ccfb一作能去什么学校? - 知乎,知乎,,,计算机科学与技术,人工智能,中九,专业前2%,2.0,,,,未说明,,"[{""type"": ""论文"", ""title"": null, ""author_order"": ""一作"", ""venue_or_level"": ""CCF-B""}]","[{""name"": ""ICM"", ""level"": null, ""award"": null, ""normalized_name"": ""美赛""}]",美赛,0.9,
https://zhuanlan.zhihu.com/p/8417067731,论文保录！机器学习与数据建模，收学生 - 知乎专栏,知乎,,,机器学习与数据建模,,未知,,,,,,未说明,,"[{""type"": ""论文"", ""title"": null, ""author_order"": ""一作/通讯作者"", ""venue_or_level"": ""国际知名SCI期刊/IEEE汇刊""}, {""type"": ""论文"", ""title"": null, ""author_order"": null, ""venue_or_level"": ""国内权威EI期刊""}, {""type"": ""获奖"", ""title"": ""最佳学生论文奖"", ""author_order"": null, ""venue_or_level"": ""国内外权威会议""}, {""type"": ""论文"", ""title"": null, ""author_order"": ""一作"", ""venue_or_level"": ""SCI""}, {""type"": ""论文"", ""title"": null, ""author_order"": ""一作"", ""venue_or_level"": ""EI""}]",[],,0.8,
https://zhuanlan.zhihu.com/p/1984691437279928861,2025年（2026届）四非Acmer计算机保研流水账低rank无科研（厦大 ...,知乎,2025,川渝某四非,软件工程,"计算机,软件工程",其他,rank10+，3%~4%,3.5,10,,,未说明,,[],"[{""name"": ""ICPC"", ""level"": ""区域"", ""award"": ""铜"", ""normalized_name"": ""ICPC""}, {""name"": ""邀请赛"", ""level"": null, ""award"": ""银"", ""normalized_name"": ""邀请赛""}, {""name"": ""CCPC"", ""level"": ""省"", ""award"": ""金"", ""normalized_name"": ""CCPC""}, {""name"": ""ACM"", ""level"": null, ""award"": null, ""normalized_name"": ""ACM""}]","ACM,CCPC,ICPC,邀请赛",0.9,
https://zhuanlan.zhihu.com/p/1924108427635950630,锁定加分！计算机专业有哪些推荐的保研加分项目？,知乎,,,计算机,计算机,未知,,,,,,未说明,,[],"[{""name"": ""ACM"", ""level"": null, ""award"": null, ""normalized_name"": ""ACM""}, {""name"": ""ICPC"", ""level"": null, ""award"": null, ""normalized_name"": ""ICPC""}, {""name"": ""蓝桥杯"", ""level"": null, ""award"": null, ""normalized_name"": ""蓝桥杯""}, {""name"": ""中国高校计算机设计大赛——团体程序设计天梯赛"", ""level"": null, ""award"": null, ""normalized_name"": ""天梯赛""}, {""name"": ""计算机设计大赛"", ""level"": null, ""award"": null, ""normalized_name"": ""计算机设计大赛""}]","ACM,ICPC,天梯赛,蓝桥杯,计算机设计大赛",0.7,
https://zhuanlan.zhihu.com/p/715580730,人工智能专业可以参加哪些竞赛？ - 知乎专栏,知乎,,,人工智能,"计算机,人工智能",未知,,,,,,未说明,,[],"[{""name"": ""ICPC"", ""level"": null, ""award"": null, ""normalized_name"": ""ICPC""}]",ICPC,0.5,
https://www.zhihu.com/question/1975983771565195445,如何评价2025 ICPC EC-Final？ - 知乎,知乎,,,,,未知,,,,,,未说明,,[],"[{""name"": ""CCPC 济南"", ""level"": null, ""award"": ""#126"", ""normalized_name"": ""CCPC""}, {""name"": ""蓝桥杯"", ""level"": null, ""award"": ""嘤之队(3⁄3)"", ""normalized_name"": ""蓝桥杯""}, {""name"": ""ICPC 上海"", ""level"": null, ""award"": ""#94"", ""normalized_name"": ""ICPC""}]","CCPC,ICPC,蓝桥杯",0.8,
https://www.zhihu.com/question/657925325/answer/3520275610,保研边缘人如何选择，保研，考研，（和)icpc? - 二二三叁的回答- 知乎,知乎,,中流二211,计算机科学与技术,,其他,rank 20%外,,20,,,未说明,,[],"[{""name"": ""水赛"", ""level"": ""国赛"", ""award"": ""国奖"", ""normalized_name"": ""水赛""}, {""name"": ""ICPC"", ""level"": null, ""award"": ""国奖"", ""normalized_name"": ""ICPC""}, {""name"": ""国奖"", ""level"": null, ""award"": ""国奖"", ""normalized_name"": ""国奖""}]","ICPC,国奖,水赛",0.8,
https://zhuanlan.zhihu.com/p/1980770159716214701,2025年（2026届）计算机保研回忆录（清软、清深、南AI - 知乎专栏,知乎,2025,,计算机,计算机,未知,rank1,,1,,,未说明,,[],[],,0.7,
https://www.zhihu.com/question/458046680/answers/updated,如何看待中国海洋大学成立信息科学与工程学部？ - 知乎,知乎,2021,,,"计算机,计算机科学,人工智能,电子信息,软件工程,智能科学,网络空间安全,数据科学,大数据,通信工程,自动化",其他,,,,,,未说明,,"[{""type"": ""论文"", ""title"": ""Quantum Gated Recurrent Neural Networks"", ""author_order"": ""共同通讯作者"", ""venue_or_level"": ""IEEE Transactions on Pattern Analysis and Machine Intelligence (TPAMI), CCF A类""}, {""type"": ""论文"", ""title"": null, ""author_order"": ""一作"", ""venue_or_level"": ""TPAMI""}]","[{""name"": ""PAT"", ""level"": ""国际"", ""award"": null, ""normalized_name"": ""PAT""}]",PAT,0.8,
https://zhuanlan.zhihu.com/p/1954489455546202000,2025年（2026届）计算机保研经验贴（软微、人信、上交 - 知乎专栏,知乎,2025,,计算机,计算机,次九,前五学期1⁄250+，前六学期1⁄250+,,1,250,,未说明,,[],[],,0.8,
https://zhuanlan.zhihu.com/p/796755384,2025届计算机保研流水账| 低rank有科研有实习（西湖大学、计算所,知乎,2025,,计算机,计算机,未知,低rank,,,,,未说明,西湖大学寄,[],[],,0.6,
https://zhuanlan.zhihu.com/p/809858162,2024年（2025届）CS/SE保研经验分享|无科研竞赛经历|中科院软件所,知乎,2024,西南某中九,软件工程,软件工程,中九,14/151（10%）,10.0,14,151,,未说明,,"[{""type"": ""论文"", ""title"": null, ""author_order"": ""未知"", ""venue_or_level"": null}]",[],,0.9,
https://zhuanlan.zhihu.com/p/1952546372667540025,25年cs保研记录贴：末九超低rk 零科研（结局sjtu工程硕） - 知乎专栏,知乎,2025,,计算机科学与技术,,末九,专业前20+%,20.0,20,,True,专硕,拿到夏令营 offer,[],"[{""name"": ""蓝桥杯"", ""level"": ""国赛"", ""award"": ""一等奖"", ""normalized_name"": ""蓝桥杯""}, {""name"": ""天梯赛"", ""level"": null, ""award"": ""国一"", ""normalized_name"": ""天梯赛""}]","天梯赛,蓝桥杯",0.9,
https://zhuanlan.zhihu.com/p/1493333423,保研经验贴| 顶流211计算机类低rank属鼠上岸华五（北邮、西交,知乎,,北邮,计算机类,计算机,华五,低rank,,,,True,未说明,上岸华五,[],[],,0.7,
https://zhuanlan.zhihu.com/p/661226536,23(24届)计算机保研经验贴｜末流211上岸华工｜西交软、电科CS,知乎,2023,末流211,计算机,计算机,其他,,,,,True,未说明,上岸华工,[],[],,0.7,
https://zhuanlan.zhihu.com/p/2010175529827975967,2025年（26届）末2低rank无科研计算机保研记录帖（旅游版 ...,知乎,2025,,计算机,计算机,其他,低rank,,,,True,未说明,上岸北邮,[],[],,0.7,四非院校，低rank无竞赛无科研
https://zhuanlan.zhihu.com/p/1951396097315567102,2025年（2026届）零科研弱竞赛低rank计算机三无鼠鼠保研的邪修打 ...,知乎,2025,,计算机,计算机,未知,低rank,,,,,未说明,,[],[],,0.5,帖子标题提到'零科研弱竞赛低rank'，但未提供具体排名信息
https://zhuanlan.zhihu.com/p/786622126,2024年（2025届）计算机保研——低rank上岸路（中科大先研,知乎,2024,辽宁某次9,计算机,计算机,次九,低rank,,,,True,未说明,上岸中科大先研,[],[],,0.8,低rank保研人
https://zhuanlan.zhihu.com/p/1960444718853907560,2025年（26届）CS计算机保研经验贴 - 知乎专栏,知乎,2025,,计算机科学与技术,"计算机,人工智能",中九,中九5%,5.0,,,True,专硕,清华计算机系工程硕,"[{""type"": ""论文"", ""title"": null, ""author_order"": ""非一作"", ""venue_or_level"": ""C会""}, {""type"": ""论文"", ""title"": null, ""author_order"": ""一作"", ""venue_or_level"": ""EI""}, {""type"": ""论文"", ""title"": null, ""author_order"": ""一作"", ""venue_or_level"": ""WWW""}]",[],,0.9,
https://zhuanlan.zhihu.com/p/875837496,2024年(25届)计算机保研中九+ACM金+微科研非AI向经验贴[清叉 ...,知乎,2024,,计算机,计算机,中九,,,,,,未说明,,"[{""type"": ""科研经历"", ""title"": null, ""author_order"": ""未知"", ""venue_or_level"": null}]","[{""name"": ""ACM"", ""level"": null, ""award"": ""金"", ""normalized_name"": ""ACM""}, {""name"": ""XCPC"", ""level"": null, ""award"": null, ""normalized_name"": ""XCPC""}]","ACM,XCPC",0.7,
https://zhuanlan.zhihu.com/p/2001086377165619500,2025年计算机保研经验贴（ee跨保cs/ai无六级版）,知乎,2025,末2,计算机/人工智能,计算机,其他,rk1,,1,,,未说明,,[],[],,0.8,英语未过六级
https://zhuanlan.zhihu.com/p/1935671452939575460,2025年（2026届）ACMer计算机保研经验贴（上交计算机、人大信院,知乎,2025,,计算机,计算机,华五,,,,,,未说明,,[],"[{""name"": ""ACM"", ""level"": null, ""award"": null, ""normalized_name"": ""ACM""}]",ACM,0.8,
https://zhuanlan.zhihu.com/p/1918386944385197332,2026保研实记 - 知乎专栏,知乎,2026,,软件工程,计算机,华五,,,,,True,直博,拿到夏令营 offer,[],[],,0.8,
https://zhuanlan.zhihu.com/p/1955361172816634267,2025计算机保研回忆 - 知乎专栏,知乎,2025,,计算机,计算机,未知,,,,,True,未说明,最终候补20，虽然最终录取,[],[],,0.7,
https://zhuanlan.zhihu.com/p/732234301,【2025届网安保研经历，实验班低rk】(西交、中山、浙大海宁,知乎,2025,,网安,电子信息,未知,,,,,,未说明,,[],"[{""name"": ""美赛"", ""level"": ""国际"", ""award"": null, ""normalized_name"": ""美赛""}, {""name"": ""网安相关的竞赛"", ""level"": null, ""award"": null, ""normalized_name"": ""网安相关的竞赛""}]","网安相关的竞赛,美赛",0.7,
https://zhuanlan.zhihu.com/p/659460973,2024届计算机保研经验贴 - 知乎专栏,知乎,2024,,计算机科学与技术,计算机,未知,,,,,,未说明,,"[{""type"": ""论文"", ""title"": null, ""author_order"": ""未知"", ""venue_or_level"": ""TIP""}]",[],,0.5,
https://zhuanlan.zhihu.com/p/684266414,2023年（24届）计算机专业保研经历：末流211“三无人士”的坚持,知乎,2023,末流211,CS专业,计算机,其他,专业成绩排名8/206，综合成绩4.22/5.0,3.88,8,206,,未说明,,[],"[{""name"": ""美赛"", ""level"": ""国际"", ""award"": ""H奖"", ""normalized_name"": ""美赛""}, {""name"": ""ACM"", ""level"": null, ""award"": ""H奖"", ""normalized_name"": ""ACM""}]","ACM,美赛",0.9,
https://zhuanlan.zhihu.com/p/661343191,2023年（2024届）计算机保研经验贴|末九低rank|就业向|厦大，哈工威,知乎,2023,,计算机,计算机,末九,低rank,,,,,未说明,,[],[],,0.7,信息较为模糊，仅能提取部分信息
https://zhuanlan.zhihu.com/p/572461932,2022年菜鸡ACMer计算机保研经验贴（2023届，人大信院，北航等）,知乎,2022,人大信院,计算机,计算机,其他,,,,,True,未说明,拿到夏令营 offer,[],"[{""name"": ""ACMer"", ""level"": null, ""award"": null, ""normalized_name"": ""ACM""}]",ACM,0.8,
https://www.zhihu.com/question/554570493,计算机博士，两篇ccf c类会议➕一篇iccv什么水平？ - 知乎,知乎,,,计算机,计算机,未知,本科综合排名第三,,3,,True,直博,保研进了青千的组,"[{""type"": ""论文"", ""title"": null, ""author_order"": ""未知"", ""venue_or_level"": ""ECCV""}, {""type"": ""论文"", ""title"": null, ""author_order"": ""未知"", ""venue_or_level"": ""IEEE trans""}, {""type"": ""论文"", ""title"": null, ""author_order"": ""未知"", ""venue_or_level"": ""ICCV""}]",[],,0.7,
https://zhuanlan.zhihu.com/p/435402382,2021戈登贝尔奖揭晓！中国超算应用一举夺冠，打破谷歌所谓“量子 ...,知乎,2021,,,,未知,,,,,,未说明,,"[{""type"": ""论文"", ""title"": null, ""author_order"": ""未知"", ""venue_or_level"": ""SCI/EI收录""}, {""type"": ""论文"", ""title"": null, ""author_order"": ""未知"", ""venue_or_level"": ""SCI""}, {""type"": ""论文"", ""title"": null, ""author_order"": ""未知"", ""venue_or_level"": ""EI""}]",[],,0.5,
https://zhuanlan.zhihu.com/p/544992548,规则有变：如何参加2023年美赛（MCM/ICM2023）？【内附2004 ...,知乎,2023,,,,未知,,,,,,未说明,,[],"[{""name"": ""MCM/ICM"", ""level"": ""国际"", ""award"": null, ""normalized_name"": ""美赛""}]",美赛,0.5,
https://zhuanlan.zhihu.com/p/1940700462304198659,四类认可度超高的竞赛，通信上岸很加分！,知乎,,,电子信息,,未知,,,,,,未说明,,[],"[{""name"": ""蓝桥杯全国软件和信息技术专业人才大赛"", ""level"": ""国赛"", ""award"": null, ""normalized_name"": ""蓝桥杯""}, {""name"": ""挑战杯全国大学生系列科技学术竞赛"", ""level"": ""国赛"", ""award"": null, ""normalized_name"": ""挑战杯""}]","挑战杯,蓝桥杯",0.7,
https://zhuanlan.zhihu.com/p/351361188,计算机保研常见竞赛 - 知乎专栏,知乎,,,,计算机,未知,,,,,,未说明,,[],"[{""name"": ""国际大学生程序设计竞赛"", ""level"": ""国际"", ""award"": null, ""normalized_name"": ""国际大学生程序设计竞赛""}, {""name"": ""ICPC"", ""level"": ""国际"", ""award"": null, ""normalized_name"": ""ICPC""}, {""name"": ""ACM"", ""level"": ""国际"", ""award"": null, ""normalized_name"": ""ACM""}]","ACM,ICPC,国际大学生程序设计竞赛",0.8,
https://www.zhihu.com/question/1999681514/answer/30715122741,如何评价2024 ICPC 上海站？ - 俊杰Charles 的回答- 知乎,知乎,2024,,,,未知,,,,,,未说明,,[],"[{""name"": ""ICPC成都站"", ""level"": ""校赛"", ""award"": ""校排第4"", ""normalized_name"": ""ICPC""}, {""name"": ""CCPC重庆站"", ""level"": ""国赛"", ""award"": ""冠军"", ""normalized_name"": ""CCPC""}]","CCPC,ICPC",0.8,
https://zhuanlan.zhihu.com/p/1954869781103637826,2025年（26届）CS保研经验贴（科大6系，南软，南大cs，复旦cs,知乎,2025,,计算机科学与技术,,未知,,,,,,未说明,,[],"[{""name"": ""CSP"", ""level"": null, ""award"": null, ""normalized_name"": ""CSP""}]",CSP,0.5,
https://www.mcu.com.cn/en/List/zhaoping.html,Untitled,其他,,,电子信息,,未知,,,,,,未说明,,"[{""type"": ""论文"", ""title"": null, ""author_order"": ""未知"", ""venue_or_level"": ""EI""}]",[],,0.5,
https://www.zhihu.com/question/841747574/answer/58844545709,问一下大家蓝桥杯哪个赛道容易得奖? - 蓝桥杯备战组 的回答,知乎,,,,"计算机,电子信息,自动化",未知,,,,,,未说明,,[],"[{""name"": ""蓝桥杯"", ""level"": ""国赛"", ""award"": ""一等奖"", ""normalized_name"": ""蓝桥杯""}]",蓝桥杯,0.5,
https://zhuanlan.zhihu.com/p/1954563266572427281,2025年（2026届）末九自动化，超低rank（23%），无六级，保研 ...,知乎,2025,重庆大学,自动化,"计算机,人工智能,自动化",末九,前五学期55/247，前6学期53/247，综测34/247,23.0,53,247,,未说明,,"[{""type"": ""科研经历"", ""title"": ""校内srtp搞了个微信小程序"", ""author_order"": ""未知"", ""venue_or_level"": null}, {""type"": ""论文"", ""title"": null, ""author_order"": ""未知"", ""venue_or_level"": ""EI""}, {""type"": ""论文"", ""title"": null, ""author_order"": ""未知"", ""venue_or_level"": ""WWW""}]","[{""name"": ""西门子杯"", ""level"": ""国赛"", ""award"": ""国一"", ""normalized_name"": ""西门子杯""}, {""name"": ""智能车"", ""level"": ""国赛"", ""award"": ""国一"", ""normalized_name"": ""智能车""}, {""name"": ""省奖"", ""level"": ""省赛"", ""award"": null, ""normalized_name"": ""省奖""}, {""name"": ""校奖"", ""level"": ""校赛"", ""award"": null, ""normalized_name"": ""校奖""}, {""name"": ""大创"", ""level"": null, ""award"": ""国一"", ""normalized_name"": ""大创""}, {""name"": ""国奖"", ""level"": null, ""award"": ""国一"", ""normalized_name"": ""国奖""}]","国奖,大创,智能车,校奖,省奖,西门子杯",0.9,最终去向：哈工大本部航院
https://zhuanlan.zhihu.com/p/657991418,【24计算机考研】厦门大学计算机相关专业近5年考研数据深度分析（含24改考提醒和复试细则！！！） - 知乎,知乎,24,,,"计算机,计算机科学,人工智能,电子信息,软件工程,智能科学,大数据,通信工程",中九,,,,,,未说明,,[],"[{""name"": ""CSP"", ""level"": null, ""award"": null, ""normalized_name"": ""CSP""}, {""name"": ""ACM"", ""level"": null, ""award"": null, ""normalized_name"": ""ACM""}]","ACM,CSP",0.5,内容主要关于厦门大学计算机相关专业的考研数据，未提及个人保研信息
https://zhuanlan.zhihu.com/p/659487645,2023年（24届）电子信息/通信工程四非上岸东南大学的保研之旅（入 ...,知乎,2023,,电子信息/通信工程,"电子信息,通信工程",其他,,,,,True,未说明,上岸东南大学,"[{""type"": ""论文"", ""title"": null, ""author_order"": ""未知"", ""venue_or_level"": null}]",[],,0.8,
https://zhuanlan.zhihu.com/p/573364958,规则更新，允许使用AI（内附二十年美赛获奖论文高清PDF） - 知乎专栏,知乎,,,,,未知,,,,,,未说明,,"[{""type"": ""论文"", ""title"": null, ""author_order"": ""未知"", ""venue_or_level"": null}]","[{""name"": ""MCM/ICM"", ""level"": ""国际"", ""award"": null, ""normalized_name"": ""美赛""}]",美赛,0.5,
https://zhuanlan.zhihu.com/p/12490991988,MCM大学生数学建模大赛含金量怎么样？ - 知乎专栏,知乎,,,,大数据,未知,,,,,,未说明,,[],"[{""name"": ""MCM大学生数学建模大赛"", ""level"": ""国际"", ""award"": null, ""normalized_name"": ""美赛""}]",美赛,0.5,
https://www.zhihu.com/question/48762643,有哪些值得推荐的计算机专业的竞赛？ - 知乎,知乎,,,,计算机,未知,,,,,,未说明,,[],"[{""name"": ""蓝桥杯"", ""level"": null, ""award"": null, ""normalized_name"": ""蓝桥杯""}]",蓝桥杯,0.5,
https://zhuanlan.zhihu.com/p/11453449666,真的建议大学生参加专业竞赛，成就王者简历 - 知乎专栏,知乎,,,,,未知,,,,,,未说明,,[],"[{""name"": ""蓝桥杯"", ""level"": ""国赛"", ""award"": null, ""normalized_name"": ""蓝桥杯""}, {""name"": ""华为ICT大赛"", ""level"": null, ""award"": null, ""normalized_name"": ""华为ICT大赛""}]","华为ICT大赛,蓝桥杯",0.5,
